Name on the site,Sort name,Full name,Other names,Life dates,Dates as recorded,Spellings in the catalogue,Works,Editions in the Shop,Exhibitions,Website,Notes in the catalogue,Check
Jane Adams,"Adams, Jane",,,,,Jane Adams,1,0,,,,
Latcholassie Akesuk,"Akesuk, Latcholassie",,,1919 to 2000,1919-2000,Latcholassie Akesuk (DOB: 1919-2000),1,0,,,,
Vikky Alexander,"Alexander, Vikky",,,,,"Graham Gillmore, Angela Grossman, Attila Richard Lukacs, Derek Root, Vikky Alexander, Rebecca Belmore, Dana Claxton; Vikky Alexander",2,0,,,,
Fred Amess,"Amess, Fred",,,1909 to 1970,1909 - 1970,Fred Amess (DOB: 1909 - 1970),1,0,,,,
Patrick Amiot,"Amiot, Patrick",,,born 1959,1959 - Present,Patrick Amiot (DOB: 1959 - Present),2,0,,,,
Elizabeth Angrnaqquaq,"Angrnaqquaq, Elizabeth",,,,,Elizabeth Angrnaqquaq,1,0,,,,
Kenojuak Ashevak,"Ashevak, Kenojuak",,,,1909 - 1976; 1927 - 2013,Kenojuak Ashevak; Kenojuak Ashevak (DOB: 1909 - 1976); Kenojuak Ashevak (DOB: 1927 - 2013),21,0,collect-assemble-gather; from-the-ground; playhouse; the-art-of-conversation,https://www.inuitartfoundation.org/profiles/artist/kenojuak-ashevak,Printer: Aoudla Pudlat,Dates disagree
Ottochie Ashoona,"Ashoona, Ottochie",,,1942 to 1970,1942 - 1970,Ottochie Ashoona (DOB: 1942 - 1970),1,0,,,,
Heather Aston,"Aston, Heather",,,born 1946,1946,Heather Aston (DOB: 1946),3,0,,,,
Anne Meredith Barry,"Barry, Anne Meredith",,,,1923 - 2003; 1932 - 2003; 1932 - 2004; 1932 - 2005; 1932 - 2022; 1932-2003,Ann Meredith Barry; Ann Meredith Barry (DOB: 1923 - 2003); Ann Meredith Barry (DOB: 1932 - 2003); Ann Meredith Barry (DOB: 1932 - 2005); Ann Meredith Barry (DOB: 1932-2003); Anne Meredith Barry; Anne Meredith Barry (DOB: 1932 - 2003); Anne Meredith Barry (DOB: 1932 - 2004); Anne Meredith Barry (DOB: 1932 - 2022); Anne Meredith Barry (DOB: 1932-2003),25,0,playhouse; the-art-of-conversation,https://www.gibsongallery.com/artists/anne-meredith-barry/,,Dates disagree
Robert Bateman,"Bateman, Robert",,,born 1930,1930,Robert Bateman; Robert Bateman (DOB: 1930),7,0,,https://robertbateman.ca/,,
Maxwell Bennett Bates,"Bates, Maxwell Bennett",,,1906 to 1980,1906 - 1980,Maxwell Bennett Bates; Maxwell Bennett Bates (DOB: 1906 - 1980),17,0,the-art-of-conversation,,,
Iain Baxter,"Baxter, Iain",,,born 1936,1936,Iain Baxter (DOB: 1936),1,0,,,,
Jackson Beardy,"Beardy, Jackson",,,,1976,Jackson Beardy (DOB: 1976),1,0,,,,Dates don't fit the works
Judson Beaumont,"Beaumont, Judson",,,,,Judson Beaumont,1,0,,,,
Alistair Bell,"Bell, Alistair",Alistair Macready Bell,,1913 to 1997,1913 - 1997,Alistair Bell; Alistair Macready Bell; Alistair Macready Bell (DOB: 1913 - 1997),171,0,,,,
Rebecca Belmore,"Belmore, Rebecca",,,,,"Graham Gillmore, Angela Grossman, Attila Richard Lukacs, Derek Root, Vikky Alexander, Rebecca Belmore, Dana Claxton; Rebecca Belmore",2,0,,,,
Douglas Biden,"Biden, Douglas",,,1956 to 2007,1956 - 2007,Douglas Biden (DOB: 1956 - 2007),2,0,,,,
B.C. Binning,"Binning, B.C.",Bertram Charles Binning,,1909 to 1976,1909 - 1976,Bertram Charles (BC) Binning; Bertram Charles (BC) Binning (DOB: 1909 - 1976),3,0,,https://www.gallery.ca/sites/default/files/upload/library/bc_binning_bio_e.pdf,,
Penny Birnbaum,"Birnbaum, Penny",,,,,Penny Birnbaum,2,0,,,,
David Blackwood,"Blackwood, David",David Lloyd Blackwood,,1941 to 2022,1941,David LLoyd Blackwood; David Lloyd Blackwood; David Lloyd Blackwood (DOB: 1941),16,0,,https://www.davidblackwood.com/,,
Molly Lamb Bobak,"Bobak, Molly Lamb",,,1920 to 2014,1922 - 2014,Molly Lamb Bobak; Molly Lamb Bobak (DOB: 1922 - 2014),8,0,,https://www.aci-iac.ca/art-books/molly-lamb-bobak/biography/,,
Rachel Brett,"Brett, Rachel",,,,,Rachel Brett,1,0,,,,
Lauren Brevner,"Brevner, Lauren",,,,,Lauren Brevner and James Harry (Studio Lauren James),2,1,from-the-ground,https://www.studiolaurenjames.com/,,
Elaine Brewer-White,"Brewer-White, Elaine",,,,,Elaine Brewer-White,1,0,,,,
Karin Bubaš,"Bubaš, Karin",,,born 1976,1976,Karin Bubas; Karin Bubas (DOB: 1976),5,1,from-the-ground; playhouse; the-art-of-conversation,https://www.karinbubas.ca/,,
Edward Burtynsky,"Burtynsky, Edward",,,born 1955,1955,Edward Burtynsky; Edward Burtynsky (DOB: 1955),6,0,from-the-ground,https://www.edwardburtynsky.com/,,
Amelia Butcher,"Butcher, Amelia",,,,,,0,1,from-the-ground,https://www.ameliabutcher.ca/,,
Emma Campbell,"Campbell, Emma",,,,,Emma Campbell,1,0,,,,
Terry Campbell,"Campbell, Terry",,,,,Terrence (Terry) Richard Campbell,1,0,,,,
Taiga Chiba,"Chiba, Taiga",,,1927 to 2013,1927 - 2013,Taiga Chiba; Taiga Chiba (DOB: 1927 - 2013),4,0,from-the-ground,,,
Yung Wing Chow,"Chow, Yung Wing",,,born 1951,1951,Yung Wing Chow (DOB: 1951),1,0,,,,
Victor Cicansky,"Cicansky, Victor",,,1935 to 2025,1935,Victor Cicansky; Victor Cicansky (DOB: 1935),5,0,collect-assemble-gather; from-the-ground; playhouse,https://www.cicansky.ca/,,
Dana Claxton,"Claxton, Dana",,,,,"Dana Claxton; Graham Gillmore, Angela Grossman, Attila Richard Lukacs, Derek Root, Vikky Alexander, Rebecca Belmore, Dana Claxton",2,0,stitched,,,
Pierre Coupey,"Coupey, Pierre",,,born 1942,1942,Pierre Coupey; Pierre Coupey (DOB:1942),5,0,,,,
Douglas Coupland,"Coupland, Douglas",Douglas Campbell Coupland,,born 1961,1961,Douglas Campbell Coupland; Douglas Campbell Coupland (DOB: 1961),8,0,collect-assemble-gather,https://coupland.com/,,
Robert Davidson,"Davidson, Robert",,Guud san glans,born 1946,1946,Robert Davidson; Robert Davidson (DOB: 1946); Robert Davidson (Guud san glans); Robert Davidson (Guud san glans) (DOB: 1946); Robert Davidson (Guud san glans) [DOB: 1946]; Robert Davidson (Haida Name: Guud san glans) [DOB: 1946],7,0,,https://www.robertdavidson.ca/,"Guud san glans, which means ""Eagle of the Dawn""; Haida Name: Guud san glans - ""Eagle of the Dawn""",
Anna Binta Diallo,"Diallo, Anna Binta",,,born 1983,1983,Anna Binta Diallo; Anna Binta Diallo (DOB: 1983),3,2,from-the-ground,https://www.annabintadiallo.com/,,
Beau Dick,"Dick, Beau",Benjamin Kerry Dick,,,,Beau Dick; Benjamin Kerry (Beau) Dick,2,0,,,"Chief Beau Dick, Kwakiutl-Kwakwaka'wakw (Tribem)",
Christos Dikeakos,"Dikeakos, Christos",,,,,Christos Dikeakos,1,0,collect-assemble-gather,,,
Pat Dixon,"Dixon, Pat",,,,,Pat Dixon,1,0,,,,
Audrey Capel Doray,"Doray, Audrey Capel",,,1931 to 2025,1931,Audrey Capel Doray (DOB: 1931),1,0,,,,
Stan Douglas,"Douglas, Stan",,,,,Stan Douglas,1,0,collect-assemble-gather; prevailing-landscapes,,,
Wayne Eastcott,"Eastcott, Wayne",,,,1935; 1943; 1949 - 2022,Wayne Eastcott; Wayne Eastcott (DOB: 1935); Wayne Eastcott (DOB: 1943); Wayne Eastcott (DOB: 1949 - 2022),22,1,,https://www.fecklesscollection.ca/wayneeastcott,,Dates disagree
Leonard Epp,"Epp, Leonard",,,1932 to 2018,1932 - 2018,Leonard Epp; Leonard Epp (DOB: 1932 - 2018),12,0,playhouse,,,
Enn Erisalu,"Erisalu, Enn",,,1943 to 2005,1943 - 2005,Enn Erisalu (DOB: 1943 - 2005),2,0,the-art-of-conversation,,,
John K. Essler,"Essler, John K.",,,,,John K. Essler,1,0,,,,
Jamie Evrard,"Evrard, Jamie",,,born 1949,1949,Jamie Evrard; Jamie Evrard (DOB: 1949),14,0,,https://bau-xi.com/collections/jamie-evrard,,
Paterson Ewen,"Ewen, Paterson",,,,,Patterson Ewen,1,0,,,,
Joe Fafard,"Fafard, Joe",,,1942 to 2019,1942,Joe Fafard; Joe Fafard (DOB: 1942),19,0,,https://www.joefafard.com/,,
Gathie Falk,"Falk, Gathie",,,1928 to 2025,1928,Gathie Falk (DOB: 1928),5,1,playhouse; the-art-of-conversation,https://www.equinoxgallery.com/our-artists/gathie-falk/,,
Geoffrey Farmer,"Farmer, Geoffrey",,,,,Geoffrey Farmer,1,0,playhouse,,,
James Warren Felter,"Felter, James Warren",,,born 1943,1943,James Warren Felter (DOB: 1943),1,0,,,,
Mary H. Filer,"Filer, Mary H.",,,,,Mary H. Filer,1,0,,,,
Charles Gagnon,"Gagnon, Charles",,,,,Charles Gagon,1,0,,,,
Angela George,"George, Angela",,,,,Angela George,1,0,from-the-ground,,,
Damian George,"George, Damian",,Stalaston,,,Damian George (Stalaston),1,0,,,,
Graham Gillmore,"Gillmore, Graham",,,born 1963,1963,"Graham Gilllmore (DOB: 1963); Graham Gillmore; Graham Gillmore, Angela Grossman, Attila Richard Lukacs, Derek Root, Vikky Alexander, Rebecca Belmore, Dana Claxton",7,0,the-art-of-conversation,https://monteclarkgallery.com/graham-gillmore-artist/,,
Betty Goodwin,"Goodwin, Betty",Betty Roodish Goodwin,,1923 to 2008,1923 - 2008,Betty Roodish Goodwin (DOB: 1923 - 2008),2,0,,https://www.gallery.ca/collection/artist/betty-goodwin,,
Rodney Graham,"Graham, Rodney",,,1949 to 2022,1949 - 2022,Rodney Graham; Rodney Graham (DOB: 1949 - 2022),5,0,,https://www.lissongallery.com/artists/rodney-graham,,
Angela Grossmann,"Grossmann, Angela",,,born 1955,1955,"Angela Grossman; Angela Grossmann; Angela Grossmann (DOB: 1955); Graham Gillmore, Angela Grossman, Attila Richard Lukacs, Derek Root, Vikky Alexander, Rebecca Belmore, Dana Claxton",9,0,,https://www.equinoxgallery.com/our-artists/angela-grossmann/,,
Gu Xiong,Gu Xiong,,,born 1953,1953,Gu Xiong (DOB: 1953),2,0,collect-assemble-gather,http://guxiong.ca/en/,,
Ted Harrison,"Harrison, Ted",Edward Hardy Harrison,,1926 to 2015,1926 - 2015; 1926-2015,Edward Hardy (Ted) Harrison; Edward Hardy (Ted) Harrison (DOB: 1926 - 2015); Edward Hardy (Ted) Harrison (DOB: 1926-2015),29,0,,https://tedharrison.ca/,,
James Harry,"Harry, James",,,,,Lauren Brevner and James Harry (Studio Lauren James),2,1,from-the-ground,https://www.jamesharry.ca/,,
John Hartman,"Hartman, John",,,born 1950,1950,John Hartman; John Hartman (DOB: 1950),10,0,,https://christinaparkergallery.com/artist/john-hartman/,,
J. Carl Heywood,"Heywood, J. Carl",,,,1914; 1941,J. Carl Heywood; J. Carl Heywood (DOB: 1914); J. Carl Heywood (DOB: 1941),19,0,,"https://collections.burnabyartgallery.ca/list?q=-src%3AArtists&p=1&ps=&ct=expand&artist_facet=heywoodjcarl000000|Heywood,%20J.%20Carl&sort=title_sort%20asc",,Dates disagree
Tom Hopkins,"Hopkins, Tom",,,,,Tom Hopkins,1,0,,,,
Tom Hudson,"Hudson, Tom",,,1922 to 1997,1922 - 1997,Tom Hudson (DOB: 1922 - 1997),1,0,,,,
E.J. Hughes,"Hughes, E.J.",Edward John Hughes,,1913 to 2007,1913 - 2007,E.J. (Edward John) Hughes (DOB: 1913 - 2007); Edward John (E.J.) Hughes (DOB: 1913 - 2007),2,0,,https://ejhughes.ca/,,
George Hunt Jr.,"Hunt, George, Jr.",,,,,George Hunt Jr.,1,0,,,,
Jacques Hurtubise,"Hurtubise, Jacques",,,,,Jacques Hurtubise,1,0,,,,
Nuveeya Ipellie,"Ipellie, Nuveeya",,,,,Nuveeya Ipellie,1,0,,,,
A.Y. Jackson,"Jackson, A.Y.",Alexander Young Jackson,,1882 to 1974,1882 - 1974,Alexander Young (A.Y.) Jackson (DOB: 1882 - 1974),2,0,,,,
Allen James,"James, Allen",,,,,Allen James,29,0,,,,
Kenneth James,"James, Kenneth",,,,,Kenneth James,1,0,,,,
Jack Jeffrey,"Jeffrey, Jack",,,,,Jack Jeffrey,3,0,,,,
Sandeep Johal,"Johal, Sandeep",,,,,Sandeep Johal,2,1,playhouse,https://www.sandeepjohal.com/,,
Mark Johnsen,"Johnsen, Mark",,,,,Mark Johnsen,1,0,from-the-ground,,,
Patricia Johnston,"Johnston, Patricia",,,,,Patricia Johnston,3,0,,,,
Bonnie Jordan,"Jordan, Bonnie",,,,,Bonnie Jordan,1,0,,,,
Jennifer Judge,"Judge, Jennifer",,,,,Jennifer Judge,1,0,,,,
Denis Juneau,"Juneau, Denis",,,,,Denis Juneau,1,0,,,,
Helen Kalvak,"Kalvak, Helen",,,1901 to 1984,1901 - 1984,Helen Kalvak (DOB: 1901 - 1984),2,0,playhouse,,,
Russna Kaur,"Kaur, Russna",,,,,Russna Kaur,1,1,,https://www.russnakaur.com/,,
Pat and Rosemarie Keough,"Keough, Pat and Rosemarie",,,,,Pat & Rosemarie Keough,1,0,,,,
Sara Khan,"Khan, Sara",,,,,Sara Khan,2,1,playhouse,https://sara-khan.com/,,
Pudlo Kilabuk,"Kilabuk, Pudlo",,,,,Pudlo Kilabuk,1,0,,,,
Michael Kim,"Kim, Michael",,,,,Michael Kim,2,0,,,,
Ann Kipling,"Kipling, Ann",,,1934 to 2023,1934; 1943,Ann Kipling; Ann Kipling (DOB: 1934); Ann Kipling (DOB: 1943),39,1,from-the-ground; the-art-of-conversation,https://marionscottgallery.com/artist/ann-kipling/,,Dates disagree
Roy Kiyooka,"Kiyooka, Roy",,,,,Roy Kiyooka,1,0,,,,
John Koerner,"Koerner, John",,,,,John Koerner,1,0,,https://www.elliottlouis.com/index.cfm?menuitem=exhibit&exbnum=445,,
Kapik Kolola,"Kolola, Kapik",,,,,Kapik Kolola,1,0,,,,
George Littlechild,"Littlechild, George",,,born 1958,1958,George Littlechild (DOB: 1958),8,0,the-art-of-conversation,https://georgelittlechild.com/,,
Daylen Luchsinger,"Luchsinger, Daylen",,,,,Daylen Luchsinger,1,0,,,,
Attila Lukacs,"Lukacs, Attila",Attila Richard Lukacs,,born 1962,1962,"Attila Richard Lukacs; Attila Richard Lukacs (DOB: 1962); Attlia Richard Lukacs; Graham Gillmore, Angela Grossman, Attila Richard Lukacs, Derek Root, Vikky Alexander, Rebecca Belmore, Dana Claxton",5,0,the-art-of-conversation,https://attilarichardlukacs.com/,,
Landon MacKenzie,"MacKenzie, Landon",,,born 1954,1954,Landon MacKenzie (DOB: 1954),1,0,,,,
Victoria Mamnguqsualuk,"Mamnguqsualuk, Victoria",,,1930 to 2016,1930 - 2016,Victoria Mamnguqsualuk (DOB: 1930 - 2016),1,0,,,,
Roz Marshall,"Marshall, Roz",,,born 1947,1947,Roz Marshall; Roz Marshall (1947); Roz Marshall (DOB: 1947),21,0,collect-assemble-gather; playhouse,http://rozmarshall-artist.com/,,
Jean McEwen,"McEwen, Jean",Jean Albert McEwen,,1923 to 1999,1923 - 1999,Jean Albert McEwen; Jean Albert McEwen (DOB: 1923 - 1999); Jean McEwan,7,0,,https://www.gallery.ca/collection/artist/jean-mcewen,,
Pat McGuire,"McGuire, Pat",,,,,Pat McGuire,1,0,,,,
Elizabeth McIntosh,"McIntosh, Elizabeth",,,born 1967,1967,Elizabeth McIntosh (DOB: 1967),2,1,the-art-of-conversation,https://elizabethmcintosh.ca/,,
Erin McSavaney,"McSavaney, Erin",,,born 1973,1973,Erin McSavaney; Erin McSavaney (DOB: 1973),7,0,,,,
Mario Merola,"Merola, Mario",,,born 1931,1931,Mario Merola (DOB: 1931),1,0,,,,
Guido Molinari,"Molinari, Guido",,,1933 to 2004,1933 - 2004,Guido Molinari; Guido Molinari (DOB: 1933 - 2004),18,0,,https://fondationguidomolinari.org/en/,,
Damian Moppett,"Moppett, Damian",,,born 1969,1969,Damian Moppett (DOB: 1969),1,0,,,,
Jean Morrison,"Morrison, Jean",,,,,Jean Morrison,1,0,,,,
Greg Murdock,"Murdock, Greg",,,born 1954,1954,Greg Murdock; Greg Murdock (DOB: 1954),36,0,,https://gregmurdock.com/home.html,,
Albert Normandin,"Normandin, Albert",,,,,Albert Normandin,3,0,,,,
Patricia O'Hara,"O'Hara, Patricia",,,,,Patricia O'Hara,3,0,,,,
Toni Onley,"Onley, Toni",Norman Anthony Onley,,1928 to 2004,1928 - 2004,Norman Anthony (Toni) Onley; Norman Anthony (Toni) Onley (DOB: 1928 - 2004); Toni Onley (DOB: 1928 - 2004),12,0,from-the-ground,https://www.wallacegalleries.com/artists/toni-onley,,
Lyndal Osborne,"Osborne, Lyndal",,,,,Lyndal Osborne,1,0,,,,
Melia Padluq,"Padluq, Melia",,,,,Melia Padluq,1,0,,,,
Josie P. Papialuk,"Papialuk, Josie P.",,,1918 to 1996,1943,Josie P. Papialuk (DOB: 1943),1,0,,,,
David Gerry Partridge,"Partridge, David Gerry",,,,,David Gerry Partridge,1,0,,,,
Jim Paull,"Paull, Jim",James Edwin Gerald Paull,,,,Jim Paull [James Edwin Gerald Paull],1,0,,,,
Parvin Peivandi,"Peivandi, Parvin",,,born 1974,1974,Parvin Peivandi (DOB: 1974),1,0,playhouse,,,
Ross Penhall,"Penhall, Ross",Ross Ellsworth Penhall,,born 1959,1959,Ross Ellsworth Penhall; Ross Ellsworth Penhall (DOB: 1959),26,0,,,,
Victor John Penner,"Penner, Victor John",,,,,Victor John Penner,15,0,,,,
George Pennier,"Pennier, George",,,,,George Pennier,1,0,,,,
Frank Perry,"Perry, Frank",,,,,Frank Perry,3,0,,,,
Joe Peters,"Peters, Joe",,,,,Joseph William (Joe) Peters,2,0,,,Kwakwak'wakw artist,
Setsuko Piroche,"Piroche, Setsuko",Setsuko Nane Piroche,,,,Setsuko Nane Piroche,1,0,playhouse,,,
Susan Point,"Point, Susan",,,,,Susan Point,1,0,from-the-ground,,,
Jane Ash Poitras,"Poitras, Jane Ash",,,born 1951,1951,Jane Ash Poitras (DOB: 1951),3,0,playhouse,https://www.gallery.ca/collection/artist/jane-ash-poitras,,
Christopher Pratt,"Pratt, Christopher",,,1935 to 2022,1935,Christopher Pratt (DOB: 1935),1,0,,,,
Mary Pratt,"Pratt, Mary",,,1935 to 2018,1935 - 2018,Mary Pratt (DOB: 1935 - 2018),1,0,,,,
Pudlo Pudlat,"Pudlat, Pudlo",,,1916 to 1992,1916 - 1992,Pudlo Pudlat; Pudlo Pudlat (DOB: 1916 - 1992),2,0,,,,
Newgaleak Qimirpik,"Qimirpik, Newgaleak",,Nuyaliaq,1937 to 2007,,Newgaleak Qimirpik,1,0,,,,
Leah Qumaluk,"Qumaluk, Leah",,,,1934 - 2010; 1934 - 2020,Leah Qumaluk (DOB: 1934 - 2010); Leah Qumaluk (DOB: 1934 - 2020),4,0,,,,Dates disagree
George Rammell,"Rammell, George",,,born 1952,1952,George Rammell; George Rammell (DOB: 1952),5,0,,,,
Bill Reid,"Reid, Bill",William Ronald Reid,Yaahl Sgwansung,1920 to 1998,1920 - 1998,William (Bill) Ronald Reid; William (Bill) Ronald Reid (DOB: 1920 - 1998); Yaahl Sgwansung [William (Bill) Ronald Reid]; Yaahl Sgwansung [William (Bill) Ronald Reid] (DOB: 1920 - 1998); Yaahl Sgwansung [William Ronald (Bill) Reid] (DOB: 1920 - 1998),23,0,one-hundred-artists-deep; the-art-of-conversation,https://www.billreidgallery.ca/pages/about-bill-reid,"Haida Name: Yaahl Sgwansung,  meaning The Only Raven",
Leslie Reid,"Reid, Leslie",,,,,"Reid, Leslie (female)",1,0,,,,
Jean-Paul Riopelle,"Riopelle, Jean-Paul",,,,1971 - 2002,Jean-Paul Riopelle (DOB: 1971 - 2002),1,0,,,,Dates don't fit the works
Derek Root,"Root, Derek",,,,,"Derek Root; Graham Gillmore, Angela Grossman, Attila Richard Lukacs, Derek Root, Vikky Alexander, Rebecca Belmore, Dana Claxton",2,0,,,,
Samuel Roy-Bois,"Roy-Bois, Samuel",,,born 1973,1973,Samuel Roy-Bois; Samuel Roy-Bois (DOB: 1973),2,1,collect-assemble-gather,https://www.samuelroybois.com/,,
Martin Schliessler,"Schliessler, Martin",,,,,Martin Schliessler,1,0,,,,
Marianna Schmidt,"Schmidt, Marianna",,,,,Marianna Schmidt,7,0,the-art-of-conversation,,,
Jack Shadbolt,"Shadbolt, Jack",Jack Leonard Shadbolt,,1909 to 1998,1909 - 1998,Jack Leonard Shadbolt; Jack Leonard Shadbolt (DOB: 1909 - 1998),45,1,collect-assemble-gather; one-hundred-artists-deep; playhouse; the-art-of-conversation,https://www.gallery.ca/collection/artist/jack-shadbolt,,
Jeremy Shaw,"Shaw, Jeremy",,,,,Jeremy Shaw,4,0,,,,
Arnold Shives,"Shives, Arnold",,,born 1943,1943,Arnold Shives; Arnold Shives (DOB: ); Arnold Shives (DOB: 1943),57,2,,https://www.ashives.com/,,
Gordon Smith,"Smith, Gordon",Gordon Appelbe Smith,,1919 to 2020,1919 - 2020; 1919-2020,Gordon Appelbe Smith; Gordon Appelbe Smith (DOB: 1919 - 2020); Gordon Appelbe Smith (DOB: 1919-2020),60,2,collect-assemble-gather; from-the-ground; one-hundred-artists-deep,https://www.equinoxgallery.com/our-artists/estate-of-gordon-smith/,,
Joan Smith,"Smith, Joan",,,,,Barbara Zeigler and Joan Smith; Joan Smith,3,0,from-the-ground; playhouse,,,
Michael Snow,"Snow, Michael",,,,,Michael Snow,2,1,,https://www.gallery.ca/collection/artist/michael-snow,,
Ron Stonier,"Stonier, Ron",,,1933 to 2001,1933 - 2001,Ron Stonier; Ron Stonier (DOB: 1933 - 2001),2,0,,,,
T&T Collective,T&T Collective,Tyler Brett and Tony Romano,,,,Tony Romano and Tyler Brett,7,0,collect-assemble-gather,,,
Sylvia Tait,"Tait, Sylvia",,,born 1932,1932,Sylvia Tait; Sylvia Tait (DOB: 1932),4,0,playhouse,,,
Takao Tanabe,"Tanabe, Takao",,,born 1926,1926,Takao Tanabe (DOB: 1926),5,0,,https://www.gallery.ca/collection/artist/takao-tanabe,,
Martin Tessler,"Tessler, Martin",,,,,Martin Tessler,1,0,,,,
Vivian Thierfelder,"Thierfelder, Vivian",,,,,Vivian Thierfelder,1,0,,,,
Art Thompson,"Thompson, Art",,,,,Arthur Ivan (Art) Thompson,1,0,,,,
Tukuki,Tukuki,,,,,Tukuki,1,0,playhouse,,,
Ashevak Tunnillie,"Tunnillie, Ashevak",,,,,Ashevak Tunnillie,2,0,,,,
Kabubuwa Tunnillie,"Tunnillie, Kabubuwa",,Qavaroak,,,Kabubuwa Tunnillie,1,0,,,,
Unknown Inuit artist,Unknown Inuit artist,,,,,Unknown [Inuit Origins],2,0,,,,
Charles Van Sandwyk,"Van Sandwyk, Charles",Charles Noel Van Sandwyk,,born 1966,1966,Charles Noel Van Sandwyk; Charles Noel Van Sandwyk (DOB: 1966),5,0,,https://www.charlesvansandwyk.com/,,
Vancouver School Collective,Vancouver School Collective,"Douglas Coupland, Angela Grossmann, Graham Gillmore and Attila Lukacs",,,,"Vancouver School Collective; Vancouver School Collective (Douglas Coupland, Angela Grossman, Graham Gillmore, Attica Richard Lukacs); Vancouver School Collective (Douglas Coupland, Angela Grossman, Graham Gillmore, Attila Richard Lukacs)",8,0,collect-assemble-gather; from-the-ground; playhouse; the-art-of-conversation,,,
Charlene Vickers,"Vickers, Charlene",,,,,Charlene Vickers,21,0,from-the-ground,https://mfineart.ca/macaulay-co-fine-art/artists/charlene-vickers/,,
Roy Henry Vickers,"Vickers, Roy Henry",,,born 1946,1946,Roy Henry Vickers; Roy Henry Vickers (DOB: 1946),5,0,,https://royhenryvickers.com/,Traditional Name: Wehaastm; Traditional name: Wehaast,
Ian Wallace,"Wallace, Ian",Ian Hugh Wallace,,born 1943,1943,Ian Hugh Wallace; Ian Hugh Wallace (DOB: 1943),3,1,prevailing-landscapes,https://catrionajeffries.com/artists/ian-wallace/works,,
Ken Wallace,"Wallace, Ken",,,born 1945,1945,Ken Wallace; Ken Wallace (DOB: 1945),2,0,,,,
West Baffin Eskimo Co-operative,West Baffin Eskimo Co-operative,West Baffin Eskimo Coop. Ltd.,,,,Various Artists - West Baffin Eskimo Coop. LTD [Portfolio of Posters]; West Baffin Eskimo Coop. LTD portfolio of posters,9,0,,,,
Irene F. Whittome,"Whittome, Irene F.",,,born 1942,1942,Irene F. Whittome; Irene F. Whittome (DOB: 1942),20,0,,https://irenefw.com/,,
David Wilson,"Wilson, David",,,,,David Wilson,2,0,,,,
Alan Wood,"Wood, Alan",,,,1935; 1953,Alan Wood; Alan Wood (DOB: 1935); Alan Wood (DOB: 1953),4,0,,http://www.coupey.ca/alan-wood/,,Dates disagree
Steve Woodhouse,"Woodhouse, Steve",,,,,Steve Woodhouse,1,0,,,,
Xwalacktun,Xwalacktun,,Rick Harry,,,Xwalacktun (Rick Harry),3,0,from-the-ground,https://www.xwalacktun.ca/,,
Robert Young,"Young, Robert",,,,1938; 1939,Robert Young; Robert Young (DOB: 1938); Robert Young (DOB: 1939),38,0,collect-assemble-gather,https://www.paulkylegallery.com/represented-artists/robert-young,,Dates disagree
Marlene Yuen,"Yuen, Marlene",,,,,,0,1,collect-assemble-gather,https://marleneyuen.com/,,
Etienne Zack,"Zack, Etienne",,,born 1976,1976,Etienne Zack; Etienne Zack (DOB: 1976),8,0,playhouse; the-art-of-conversation,https://www.etiennezack.com/,,
Karen Zalamea,"Zalamea, Karen",,,,,Karen Zalamea,1,0,prevailing-landscapes,,,
Barbara Zeigler,"Zeigler, Barbara",,,,,Barbara Zeigler and Joan Smith,2,0,from-the-ground; playhouse,,,
