Grouping,Kind,Address,Works
Paintings,Category,/pages/browse/paintings,151
Abstract,Theme,/pages/browse/abstract,210
Creatures,Theme,/pages/browse/creatures,175
Sculptures,Category,/pages/browse/sculptures,59
Indigenous artists,Grouping,/pages/browse/indigenous-artists,147
Prints,Category,/pages/browse/prints,719
The Portfolio Collective's 2021 Artist for Artist Edition series,Grouping,/pages/browse/portfolio-collective-2021,8
Ceramics,Category,/pages/browse/ceramics,21
People,Theme,/pages/browse/people,118
Storytelling,Theme,/pages/browse/storytelling,179
Textiles,Category,/pages/browse/textiles,6
Artists for Kids Published Editions,Grouping,/pages/browse/published-editions,103
Drawings,Category,/pages/browse/drawings,132
Teaching Collection,Grouping,/pages/browse/teaching-collection,195
Plants,Theme,/pages/browse/plants,50
Landscape,Theme,/pages/browse/landscape,168
Ecology,Theme,/pages/browse/ecology,197
Architecture,Theme,/pages/browse/architecture,47
Still life,Theme,/pages/browse/still-life,19
Portrait,Theme,/pages/browse/portrait,15
Photography,Category,/pages/browse/photography,67
Social change,Theme,/pages/browse/social-change,12
Text,Theme,/pages/browse/text,15
Invention,Theme,/pages/browse/invention,21
Books,Category,/pages/browse/books,4
Featured works,Grouping,/pages/browse/featured,6
