Artist,Document,Size (MB),In the catalogue
Latcholassie Akesuk,Document,38,https://afkcatalogue.sd44.ca/s/TheCollection/item/4778
Anne Meredith Barry,Books,24,https://afkcatalogue.sd44.ca/s/TheCollection/item/4790
Anne Meredith Barry,Exhibitions,30,https://afkcatalogue.sd44.ca/s/TheCollection/item/4786
Anne Meredith Barry,Press,33,https://afkcatalogue.sd44.ca/s/TheCollection/item/4794
Anne Meredith Barry,"Zines, Art",22,https://afkcatalogue.sd44.ca/s/TheCollection/item/4787
Robert Bateman,Biography,23,https://afkcatalogue.sd44.ca/s/TheCollection/item/4800
Robert Bateman,"Press, Books, Exhibitions",34,https://afkcatalogue.sd44.ca/s/TheCollection/item/4802
David Blackwood,Exhibitions,29,https://afkcatalogue.sd44.ca/s/TheCollection/item/4828
David Blackwood,"Press, Books, Works",135,https://afkcatalogue.sd44.ca/s/TheCollection/item/4830
Molly Lamb Bobak,"Exhibitions, Press, Photos",32,https://afkcatalogue.sd44.ca/s/TheCollection/item/4836
Robert Davidson,"Exhibitions, Photos",36,https://afkcatalogue.sd44.ca/s/TheCollection/item/4870
Wayne Eastcott,"Exhibitions, Photos",32,https://afkcatalogue.sd44.ca/s/TheCollection/item/4880
Jamie Evrard,'Painting in Italy' Book,33,https://afkcatalogue.sd44.ca/s/TheCollection/item/4886
Joe Fafard,"Exhibitions, Photos",35,https://afkcatalogue.sd44.ca/s/TheCollection/item/4894
Joe Fafard,Press,42,https://afkcatalogue.sd44.ca/s/TheCollection/item/4896
Gathie Falk,"Exhibitions, Photos",66,https://afkcatalogue.sd44.ca/s/TheCollection/item/4902
Gathie Falk,Press,74,https://afkcatalogue.sd44.ca/s/TheCollection/item/4904
Angela George,"Exhibitions, Photos",30,https://afkcatalogue.sd44.ca/s/TheCollection/item/4910
Graham Gillmore,"Exhibitions, Photographs",53,https://afkcatalogue.sd44.ca/s/TheCollection/item/4920
Betty Goodwin,"Exhibitions, Photographs",28,https://afkcatalogue.sd44.ca/s/TheCollection/item/5341
Betty Goodwin,Press,40,https://afkcatalogue.sd44.ca/s/TheCollection/item/5344
J. Carl Heywood,"Exhibitions, Images",25,https://afkcatalogue.sd44.ca/s/TheCollection/item/4984
E.J. Hughes,Images,33,https://afkcatalogue.sd44.ca/s/TheCollection/item/5007
E.J. Hughes,Press,35,https://afkcatalogue.sd44.ca/s/TheCollection/item/5009
Nuveeya Ipellie,Document,40,https://afkcatalogue.sd44.ca/s/TheCollection/item/5028
Pat and Rosemarie Keough,Press,43,https://afkcatalogue.sd44.ca/s/TheCollection/item/5173
Toni Onley,Press,28,https://afkcatalogue.sd44.ca/s/TheCollection/item/5129
Melia Padluq,Works,20,https://afkcatalogue.sd44.ca/s/TheCollection/item/5180
Ross Penhall,Press,23,https://afkcatalogue.sd44.ca/s/TheCollection/item/5140
Newgaleak Qimirpik,Works,60,https://afkcatalogue.sd44.ca/s/TheCollection/item/5199
Jack Shadbolt,Exhibitions,215,https://afkcatalogue.sd44.ca/s/TheCollection/item/4637
Jack Shadbolt,Press,84,https://afkcatalogue.sd44.ca/s/TheCollection/item/4643
Arnold Shives,Press,24,https://afkcatalogue.sd44.ca/s/TheCollection/item/5219
Gordon Smith,Exhibitions,120,https://afkcatalogue.sd44.ca/s/TheCollection/item/4619
Gordon Smith,Photographs,38,https://afkcatalogue.sd44.ca/s/TheCollection/item/4623
Gordon Smith,Press,79,https://afkcatalogue.sd44.ca/s/TheCollection/item/4625
Takao Tanabe,Exhibitions,25,https://afkcatalogue.sd44.ca/s/TheCollection/item/5242
Kabubuwa Tunnillie,Works,104,https://afkcatalogue.sd44.ca/s/TheCollection/item/5253
Charlene Vickers,"Exhibitions, Images",31,https://afkcatalogue.sd44.ca/s/TheCollection/item/5272
