Accession number,Problem,Catalogue item
BARR025,No category (Format: empty),27
BELL.AA020.1,Same address as another work's number; this one is /pages/collection/bell-aa020-1-2,233
BLAC004,Catalogue note left off the site: the work is an in-progress example.,259
BLAC005,Catalogue note left off the site: the work is an in-progress example.,260
COUP.P003.1,Catalogue note left off the site: the work is part of a diptych (1/2),301
COUP.P003.2,Catalogue note left off the site: the work is part of a diptych (2/2),302
EAST-TC001,Catalogue note left off the site: EAST003 for related print,334
KENO004,Same address as another work's number; this one is /pages/collection/keno004-2,580
MARS003,Catalogue note left off the site: the work is part of a diptych,640
MOLI007,Catalogue note left off the site: Face Mask of Guido Molinari,705
QUMA003,No image in the catalogue,860
RAMM001.1,Catalogue note left off the site: part of a diptych (1/2),865
RAMM001.2,Catalogue note left off the site: part of a diptych (2/2),866
REID-TC001.10,No image in the catalogue,876
REID-TC001.11,No image in the catalogue,877
SHIV011.13,No image in the catalogue,1027
SMIT039,"Catalogue note left off the site: inscribed with ""To Tim Porteous for his contribution to Canada and to the Arts"".",1072
TANA004,Same address as another work's number; this one is /pages/collection/tana004-2,1131
GEOR001,Same address as another work's number; this one is /pages/collection/geor001-2,1187
WALL.I002,Catalogue note left off the site: it was replaced with 2/35 for the Perm Collection.,1200
SHIV-TC003.1,No title in the catalogue; shown as Untitled,4320
SHIV-TC003.1,No category (Format: empty),4320
SHIV-TC003.2,No title in the catalogue; shown as Untitled,4322
SHIV-TC003.2,No category (Format: empty),4322
SHIV-TC003.3,No title in the catalogue; shown as Untitled,4324
SHIV-TC003.3,No category (Format: empty),4324
SHIV-TC003.4,No title in the catalogue; shown as Untitled,4326
SHIV-TC003.4,No category (Format: empty),4326
SHIV-TC003.5,No title in the catalogue; shown as Untitled,4328
SHIV-TC003.5,No category (Format: empty),4328
SHIV-TC003.7,No title in the catalogue; shown as Untitled,4332
SHIV-TC003.7,No category (Format: empty),4332
SHIV-TC003.10,No title in the catalogue; shown as Untitled,4338
HART-TC003,No category (Format: empty),4407
HART-TC004,No category (Format: empty),4408
BOBA004,No image in the catalogue,4516
BOBA004,Same address as another work's number; this one is /pages/collection/boba004-2,4516
BOBA005 On Loan,On loan: not imported,272
RAMM-TC001,On loan: not imported,862
RAMM-TC002,On loan: not imported,863
RAMM-TC003,On loan: not imported,864
REID-TC002,On loan: not imported,881
SMIT038 On Loan,On loan: not imported,1071
,"Document over 20 MB, not imported: Exhibitions (120 MB)",4619
,"Document over 20 MB, not imported: Photographs (38 MB)",4623
,"Document over 20 MB, not imported: Press (79 MB)",4625
,"Document over 20 MB, not imported: Exhibitions (215 MB)",4637
,"Document over 20 MB, not imported: Press (84 MB)",4643
,"Document over 20 MB, not imported: Latcholassie Akesuk (38 MB)",4778
,"Document over 20 MB, not imported: Exhibitions (30 MB)",4786
,"Document over 20 MB, not imported: Zines, Art (22 MB)",4787
,"Document over 20 MB, not imported: Anne Meredith Barry Books (24 MB)",4790
,"Document over 20 MB, not imported: Press (33 MB)",4794
,"Document over 20 MB, not imported: Robert Bateman Biography (23 MB)",4800
,"Document over 20 MB, not imported: Press, Books, Exhibitions (34 MB)",4802
,"Document over 20 MB, not imported: David Blackwood - Exhibitions (Text Resource) (29 MB)",4828
,"Document over 20 MB, not imported: David Blackwood - Press, Books, Works (Text Resource) (135 MB)",4830
,"Document over 20 MB, not imported: Exhibitions, Press, Photos (32 MB)",4836
,"Document over 20 MB, not imported: Exhibitions, Photos (36 MB)",4870
,"Document over 20 MB, not imported: Exhibitions, Photos (32 MB)",4880
,"Document over 20 MB, not imported: 'Painting in Italy' Book (33 MB)",4886
,"Document over 20 MB, not imported: Exhibitions, Photos (35 MB)",4894
,"Document over 20 MB, not imported: Press (42 MB)",4896
,"Document over 20 MB, not imported: Exhibitions, Photos (66 MB)",4902
,"Document over 20 MB, not imported: Press (74 MB)",4904
,"Document over 20 MB, not imported: Exhibitions, Photos (30 MB)",4910
,"Document over 20 MB, not imported: Exhibitions, Photographs (53 MB)",4920
,"Document over 20 MB, not imported: Exhibitions, Images (25 MB)",4984
,"Document over 20 MB, not imported: E.J Hughes - Images (33 MB)",5007
,"Document over 20 MB, not imported: E.J Hughes - Press (35 MB)",5009
,"Document over 20 MB, not imported: Nuveeya Ipellie (40 MB)",5028
,"Document over 20 MB, not imported: Press (28 MB)",5129
,"Document over 20 MB, not imported: Press (23 MB)",5140
,"Document over 20 MB, not imported: Press (43 MB)",5173
,"Document over 20 MB, not imported: Works (20 MB)",5180
,"Document over 20 MB, not imported: Newgaleak (Nuyaliaq) Qimirpik - Works (60 MB)",5199
,"Document over 20 MB, not imported: Press (24 MB)",5219
,"Document over 20 MB, not imported: Exhibitions (25 MB)",5242
,"Document over 20 MB, not imported: Kabubuwa (Qavaroak) Tunnillie - Works (104 MB)",5253
,"Document over 20 MB, not imported: Exhibitions, Images (31 MB)",5272
,"Document over 20 MB, not imported: Exhibitions, Photographs (28 MB)",5341
,"Document over 20 MB, not imported: Press (40 MB)",5344
