Subject in the catalogue,Theme on the site,Works
abstract,Abstract,209
storytelling,Storytelling,178
creatures,Creatures,166
landscape,Landscape,166
ecology,Ecology,153
indigenous,(not a theme),141
people,People,117
plants,Plants,50
architecture,Architecture,48
still-life,Still life,18
text,Text,14
portrait,Portrait,13
social change,Social change,12
creature,Creatures,9
invention,Invention,2
nature,Ecology,2
portait,Portrait,1
landscapes,Landscape,1
action,Action,1
portraits,Portrait,1
abstact,Abstract,1
collection of artists for kids and the gordon smith gallery,(not a theme),1
lanscape,Landscape,1
still life,Still life,1
photography,(not a theme),1
story,Storytelling,1
place,Place,1
photo of an orange sunset with palm trees,(not a theme),1
words,Text,1
drawing of a landscape,Landscape,1
