Accession number,Title in the catalogue,Title on the site,Edition
BARR010,October Yellow (18/39),October Yellow,18/39
BARR011,"Bottle Cove (AP, 4/6)",Bottle Cove,AP 4/6
BARR012,Metamorphosis (13/20),Metamorphosis,13/20
BARR013,Travel Diary #2: Irish Loop (44/50),Travel Diary #2: Irish Loop,44/50
BARR014,Two Step Frieze II (17/17),Two Step Frieze II,17/17
BARR015,Lumsden (13/16),Lumsden,13/16
BARR016,Perchie Cove (15/16),Perchie Cove,15/16
BARR018,"Travel Notes #2, Gros Morne (46/60)","Travel Notes #2, Gros Morne",46/60
BARR019,Snow Melt #1 (AP III/III),Snow Melt #1,AP III/III
BARR021,"Bonne Bay Chronicles #1 (AP, 11/14)",Bonne Bay Chronicles #1,AP 11/14
BARR022,Bonnie Bay Chronicles #2 (AP 2/2),Bonnie Bay Chronicles #2,AP 2/2
BARR023,Gros Morne Primaries #1 (12/15),Gros Morne Primaries #1,12/15
BARR002,Whale Song #18 21/28,Whale Song #18,lithograph on paper Size
BARR003,Sky Fan and Star Fish (1/60),Sky Fan and Star Fish,1/60
BARR004,Dark Mountain (1/75),Dark Mountain,1/75
BARR005,Dark Mountain (BAT),Dark Mountain,BAT
BARR008,Mountain Sun Storm (22/35),Mountain Sun Storm,22/35
BARR009,Skyfan and Starfish (37/60),Skyfan and Starfish,37/60
BATE001,Great Blue Heron (290/290),Great Blue Heron,290/290
BATE005,River Otters (PP 31/50),River Otters,PP 31/50
BEAR001,Rebirth (58/98),Rebirth,58/98
BELL-AA001,Boats At Steveston (3/15),Boats At Steveston,3/15
BELL-AA002.2,Tall Bird - Block [2/2],Tall Bird - Block,2/2
BELL-AA002.3,Tall Bird - Block [2/2],Tall Bird - Block,2/2
BELL-AA004,Boats At Celtic (9/12),Boats At Celtic,9/12
BELL-AA005,Sea Master (11/12),Sea Master,11/12
BELL-AA006,West Coast Tugs (11/20),West Coast Tugs,11/20
BELL-AA007,Tugs At Mooring (12/12),Tugs At Mooring,12/12
BELL-AA011,Northern Deep Sea Tug (7/35),Northern Deep Sea Tug,7/35
BELL-AA013,West Coast Tugs II (7/20),West Coast Tugs II,7/20
BELL-AA014,Ships At Anchor (6/12),Ships At Anchor,6/12
BELL-AA015,Steveston Floats (6/20),Steveston Floats,6/20
BELL-AA016,Fishing Boat (10/10),Fishing Boat,10/10
BELL-AA017,Orange & Black Mooring (23/35),Orange & Black Mooring,23/35
BELL-AA019,Landing Stage (11/40),Landing Stage,11/40
BELL-AA020,Tugs Under Dark Sky (A/P),Tugs Under Dark Sky,A/P
BELL-AA020.4,Tugs Under Dark Sky - Block (4/5),Tugs Under Dark Sky - Block,4/5
BELL-AA020.1,Tugs Under Dark Sky - Block (1/5),Tugs Under Dark Sky - Block,1/5
BELL-AA020.3,Tugs Under Dark Sky - Block (3/5),Tugs Under Dark Sky - Block,woodcut block #3 - (red & bright blue block)
BELL-AA038.6,Canada Geese Block [2/2],Canada Geese Block,Woodcut Block #3 - (Beige Foreground and Blue Block)
BELL-AA020.2,Tugs Under Dark Sky - Block (5/5),Tugs Under Dark Sky - Block,woodcut block #5 - (less detailed block)
BELL-AA022,Steveston Boats II (A/P I/V),Steveston Boats II,A/P I/V
BELL-AA024,Estuary (19/40),Estuary,19/40
BELL-AA025,Staveren (34/35),Staveren,34/35
BELL-AA026,North Arm Mooring (17/35),North Arm Mooring,17/35
BELL-AA027,Rotherhithe (16/35),Rotherhithe,16/35
BELL-AA028,Blue Elephant (11/15),Blue Elephant,11/15
BELL-AA031,Young Giraffe (13/25),Young Giraffe,13/25
BELL-AA032,Goats (7/15),Goats,7/15
BELL-AA034,Toucan (6/20),Toucan,6/20
BELL-AA036,Cockatoos (A/P V/V),Cockatoos,A/P V/V
BELL-AA040,Autumn Flowers II (1/15),Autumn Flowers II,1/15
BELL-AA041,Autumn Flowers III (3/13),Autumn Flowers III,3/13
BELL-AA043,Pink Flowers (6/25),Pink Flowers,6/25
BELL-AA045,Camels (25/35),Camels,25/35
BELL-AA046,Night Heron III (9/35),Night Heron III,9/35
BELL-AA047,Egyptian Goose (6/25),Egyptian Goose,6/25
BELL-AA048,Tall Goose (AP II/V),Tall Goose,AP II/V
BELL-AA049,Swan with Black Head (5/18),Swan with Black Head,5/18
BELL-AA050,Four Plovers (17/25),Four Plovers,17/25
BELL-AA051,Shelducks (8/25),Shelducks,8/25
BELL-AA052,Marabou Storks (2/25),Marabou Storks,2/25
BELL-AA053,Red Breasted Goose (5/25),Red Breasted Goose,5/25
BELL-AA055,Crane (6/12),Crane,6/12
BELL-AA056,Vulture Spreading Wings (7/12),Vulture Spreading Wings,7/12
BELL-AA057,Stork (11/15),Stork,11/15
BELL-AA058,Tall Cormorant (7/25),Tall Cormorant,7/25
BELL-AA059,Swan (1/15),Swan,1/15
BELL-AA060,Duck (8/10),Duck,8/10
BELL-AA061,Ibis (11/25),Ibis,11/25
BELL-AA062,Caracara (11/20),Caracara,11/20
BELL-AA063,Crested Fireback (4/15),Crested Fireback,4/15
BELL-AA064,Kookaburra (3/20),Kookaburra,3/20
BELL-AA065,Small Goose (12/25),Small Goose,12/25
BELL-AA066,Storks (15/25),Storks,15/25
BELL-AA067,Hornbill (17/35),Hornbill,17/35
BELL-AA068,Storks II (A/P III/V),Storks II,A/P III/V
BELL-AA069,Black Stork (19/20),Black Stork,19/20
BELL-AA070,Pied Hornbill (AP III/V),Pied Hornbill,AP III/V
BELL-AA071,White Crane (9/12),White Crane,9/12
BELL-AA072,Two Marabou Storks (11/20),Two Marabou Storks,11/20
BELL-AA073,Crows (13/20),Crows,13/20
BELL-AA074,Young Eagle (15/20),Young Eagle,15/20
BELL-AA075,Seagulls (11/20),Seagulls,11/20
BELL-AA076,Pelicans (6/15),Pelicans,6/15
BELL-AA077,Cormorant (21/25),Cormorant,21/25
BELL-AA079,Aracari (AP IV/V),Aracari,AP IV/V
BELL-AA081,Kori Bustard (6/25),Kori Bustard,6/25
BELL-AA082,Andean Condor (4/7),Andean Condor,4/7
BELL-AA083,Lammer Geyer (21/30),Lammer Geyer,21/30
BELL-AA084,Thorn Trees and Storks (4/17),Thorn Trees and Storks,4/17
BELL-AA086,Crowned Pigeon (13/20),Crowned Pigeon,13/20
BELL-AA087,Oryx (A/P),Oryx,A/P
BELL-AA087.1,Oryx Etching Plate [1/2],Oryx Etching Plate,1/2
BELL-AA002.1,Tall Bird Block 1/2,Tall Bird Block,1/2
BELL-AA089.1,Crow on Rock (AP v/v),Crow on Rock,AP v/v
BELL-AA089.2,Crows on Rock Plate [1/2],Crows on Rock Plate,1/2
BELL-AA089.3,Crows on Rock Plate [2/2],Crows on Rock Plate,2/2
BELL-AA090.1,Two Gulls (1/1),Two Gulls,1/1
BELL-AA090.3,Two Gulls - Etching Plate (1/2),Two Gulls - Etching Plate,1/2
BELL-AA090.4,Two Gulls (2/2),Two Gulls,2/2
BELL-AA091,Young Camel (10/20),Young Camel,10/20
BELL-AA092,Camel (5/20),Camel,5/20
BELL-AA093,Seated Dromedary (10/17),Seated Dromedary,10/17
BELL-AA094,Giraffe (17/20),Giraffe,17/20
BELL-AA095,Galapagos Tortoise (3/12),Galapagos Tortoise,3/12
BELL-AA096,Polar Bear IV (7/25),Polar Bear IV,7/25
BELL-AA097,Polar Bear III (10/20),Polar Bear III,10/20
BELL-AA098,Borage (34/35),Borage,34/35
BELL-AA099,Yellow Avens (32/35),Yellow Avens,32/35
BELL-AA100,Lammergeyer (7/12),Lammergeyer,7/12
BELL-AA101,Flamingo (3/12),Flamingo,3/12
BELL-AA102,Bateleur Eagle (6/25),Bateleur Eagle,6/25
BELL-AA103,Crane (9/15),Crane,9/15
BELL-AA104,Llama (10/15),Llama,10/15
BELL-AA105,Day Lily II (3/10),Day Lily II,3/10
BELL-AA106,Red Cineraria (6/25),Red Cineraria,6/25
BELL-AA108,Gloxinia (12/40),Gloxinia,12/40
BELL-AA109,Elephant (11/15),Elephant,11/15
BELL-AA111.1,Bactrian Camels (4/15),Bactrian Camels,4/15
BELL-AA112,Two Kangaroos (6/25),Two Kangaroos,6/25
BELL-AA113,Dromedary (9/20),Dromedary,9/20
BELL-AA118,Condor (4/25),Condor,4/25
BELL-AA119,Windswept Trees (5/15),Windswept Trees,5/15
BELL-AA120,Eroded Landscape II (3/10),Eroded Landscape II,3/10
BELL-AA121,Eroded Landscape (5/10),Eroded Landscape,5/10
BELL-AA122,Haida Totem Pole Figure (1/20),Haida Totem Pole Figure,1/20
BELL-AA123,Haida Totem Pole Figures (1/20),Haida Totem Pole Figures,1/20
BELL-AA124,Camel II (27/35),Camel II,27/35
BELL-AA125,The Tower Bridge (AP IV/V),The Tower Bridge,AP IV/V
BELL-AA126,Pender Street Houses (8/15),Pender Street Houses,8/15
BELL-AA127,Marabou Stork (2/25),Marabou Stork,2/25
BELL-AA128,Owl (6/20),Owl,6/20
BELL-AA129,Sleeping Lion (5/10),Sleeping Lion,5/10
BELL-AA131,Everlastings (11/25),Everlastings,11/25
BELL-AA133,Haida Totem Figure II (7/20),Haida Totem Figure II,7/20
BELL-AA135,From St. Paul's (6/25),From St. Paul's,6/25
BELL-AA136,Water Monitor (14/25),Water Monitor,14/25
BELL-AA137,Hornbills (32/35),Hornbills,32/35
BELL-AA138,Lilies (1/25),Lilies,1/25
BELL-AA139,Beached (3/10),Beached,3/10
BELL-AA140,Trowlers at Ogden Point (14/40),Trowlers at Ogden Point,14/40
BELL.AA020.1,Tugs Under Dark Sky Block 1/5,Tugs Under Dark Sky Block,1/5
BELL002,Tall Bird (13/35),Tall Bird,13/35
BELL003,Winter Trees at Steveston (A/P),Winter Trees at Steveston,A/P
BIDE001,There is Power & Unity (2/13),There is Power & Unity,2/13
BIDE002,System Viscera (25/27),System Viscera,25/27
BINN001,Atomic Fountain 1/100,Atomic Fountain,1/100
BLAC001,Wesleyville: Seabird Hunters Returning Home (71/75),Wesleyville: Seabird Hunters Returning Home,71/75
BLAC003,Wreck Of The Nickerson (1/50),Wreck Of The Nickerson,1/50
BLAC010,"March, North Atlantic (1/25)","March, North Atlantic",1/25
BOBA002,British Columbia Beach [1/160],British Columbia Beach,1/160
BOBA003,British Columbia Beach (AP),British Columbia Beach,AP
BUBA001,Shakespeare 1/2,Shakespeare,1/2
BUBA002,The Evergreen Library (1/2),The Evergreen Library,1/2
BUBA003,Mystic (1/3),Mystic,1/3
BUBA004,"Late Winter, Lynn Creek (1/45)","Late Winter, Lynn Creek",1/45
BURT002,"Manufacturing #15, Bird Mobile, Nigbo, Zhejiang, Province (3/9)","Manufacturing #15, Bird Mobile, Nigbo, Zhejiang, Province",3/9
BURT003,"Manufacturing #15, Bird Mobile, Nigbo, Zhejiang, Province (1/25)","Manufacturing #15, Bird Mobile, Nigbo, Zhejiang, Province",1/25
CHIB001,Sea Valley 3 (2/2),Sea Valley 3,2/2
CICA001,Gallon of Fish (A/P),Gallon of Fish,A/P
CICA002,"Game Preserve, the Ones That Got Away (A/P)","Game Preserve, the Ones That Got Away",A/P
CICA004,Olives (1/30),Olives,1/30
COUP001,Green Soldier #1 (2/3),Green Soldier #1,2/3
COUP009,West Coast (A/P),West Coast,A/P
DAVI001,Crab of the Woods (2/12),Crab of the Woods,2/12
DAVI005,Sea Anemone (2/100),Sea Anemone,2/100
EAST009,Bayshore 5 (20/25),Bayshore 5,20/25
EAST010,Diagram Zeta (17/30),Diagram Zeta,17/30
EAST011,Hakone #2 (1/40),Hakone #2,1/40
EAST012,Bayer (5/5),Bayer,5/5
EAST013,Level Monitor (4/15),Level Monitor,4/15
EAST014,Kyoto 3 (22/40),Kyoto 3,22/40
EAST017,Glass (2/10),Glass,2/10
EAST018,Calipers #3 (A/P),Calipers #3,A/P
EAST019,Colliery (5/15),Colliery,5/15
EAST020,Cascade #2 (5/5),Cascade #2,5/5
EAST-TC002.1,Untitled [Abstract] [1/1],Untitled [Abstract],1/1
EAST002,Tofino/Moodyville (1/30),Tofino/Moodyville,1/30
EAST003,Tofino/Moodyville 2 (1/30),Tofino/Moodyville 2,1/30
EAST004,Moodyville Notes 6 (1/15),Moodyville Notes 6,1/15
EAST005,Moodyville Notes #3 (1/15),Moodyville Notes #3,1/15
EPP001.1,3 Amphoras [1/3],3 Amphoras,1/3
EPP001.2,3 Amphoras [2/3],3 Amphoras,2/3
EPP001.3,3 Amphoras [3/3],3 Amphoras,3/3
ESLE001,Day Approaching Night #2 (7/25),Day Approaching Night #2,7/25
EVRA-TC001,Free Home Demo [1/1],Free Home Demo,1/1
EVRA-TC003.1,Untitled [Fruit] [1/1],Untitled [Fruit],1/1
EVRA003,Written in Petals (1/100),Written in Petals,1/100
EVRA006,Summer Solstice I (28/75),Summer Solstice I,28/75
EVRA007,Summer Solstice II (28/75),Summer Solstice II,28/75
FAFA004,Barb (17/150),Barb,17/150
FALK001.1,Venice Sinks with Postcard from Marco Polo #1 (1/3),Venice Sinks with Postcard from Marco Polo #1,1/3
FALK001.2,Venice Sinks with Postcard from Marco Polo #20 (2/3),Venice Sinks with Postcard from Marco Polo #20,2/3
FALK001.3,Venice Sinks with Postcard from Marco Polo #27 (3/3),Venice Sinks with Postcard from Marco Polo #27,3/3
FALK003,The White Dress (1/45),The White Dress,1/45
GAGO001,Untitled (70/100),Untitled,70/100
GALL-AA003,Blue (43/100),Blue,43/100
JUNE001,Espace Jaune (41/100),Espace Jaune,41/100
HURT002,Lola (33/100),Lola,33/100
MCEW006,Untitled (73/90),Untitled,73/90
GILL003,Good Rev/Bad Rev (1/50),Good Rev/Bad Rev,1/50
GILL005,Op or Tunist (1/80),Op or Tunist,1/80
GOOD002,"Untitled, from la memoire du Crops series (1/25)","Untitled, from la memoire du Crops series",1/25
GRAH002,Napoleon Tree (1/35),Napoleon Tree,1/35
GRAH003,"The Gifted Amateur, November 10th, 1962 (1/3)","The Gifted Amateur, November 10th, 1962",1/3
GROS003,Confetti (1/45),Confetti,1/45
HARR002,Whale Frolic (1/225),Whale Frolic,1/225
HARR003,The Window (AP 1/15),The Window,AP 1/15
HARR005,Paradise Visions (1/150),Paradise Visions,1/150
HARR007,Emily's Place (1/125),Emily's Place,1/125
HART002,Vancouver (1/40),Vancouver,1/40
HEYW006,Carpe Diem #2 (5/45),Carpe Diem #2,5/45
HEYW007,Page From My Notebook/Interesting (E/A),Page From My Notebook/Interesting,E/A
HEYW008,"The Artist, Pensive (16/50)","The Artist, Pensive",16/50
HEYW009,Flowers With Thorns (E/A),Flowers With Thorns,E/A
HEYW010,Japan Colle´ with Shamisen (E/A),Japan Colle´ with Shamisen,E/A
HEYW011,Memories of Japan (27/50),Memories of Japan,27/50
HEYW013,Triple Entendre (E/A),Triple Entendre,E/A
HEYW014,A Study in Surfaces (48/50),A Study in Surfaces,48/50
HEYW015,Rain Counterpoint (33/70),Rain Counterpoint,33/70
HEYW016,The Schwitters Suite/Monumental (E/A),The Schwitters Suite/Monumental,E/A
HEYW017,Red Niche (E/A),Red Niche,E/A
HEYW018,Coloured Bagatelle A (7/40),Coloured Bagatelle A,7/40
HEYW019,Coloured Bagatelle B (7/40),Coloured Bagatelle B,7/40
HEYW001,Flowers & Rain (1/100),Flowers & Rain,1/100
HEYW003,Remembering Paris (1/125),Remembering Paris,1/125
HOPK001,Le Retour Trimark (223/250),Le Retour Trimark,223/250
HUDS001,The Running Dogs of Capitalism (AP),The Running Dogs of Capitalism,AP
HUGH002,The Seashore at Crofton (1/100),The Seashore at Crofton,1/100
KALV001,From People to Animals (44/50),From People to Animals,44/50
KALV002,Sorcerers Call (6/50),Sorcerers Call,6/50
KENO004,Untitled [Loons Protect The Owl] (PPI/V),Untitled [Loons Protect The Owl],PPI/V
KENO003,Radiant Owl (1/100),Radiant Owl,1/100
KENO005,Loons Protect the Owl (1/100),Loons Protect the Owl,1/100
KENO006,Between Friends (2/50),Between Friends,2/50
KENO007.1,Song of Spring [A/P ii/v] (1/2),Song of Spring [A/P ii/v],1/2
KENO007.2,Song of Spring [A/P ii/v] (2/2),Song of Spring [A/P ii/v],2/2
KENO008,Owl at Sundown [1/50],Owl at Sundown,1/50
KENO009,Spring Vision (1/50),Spring Vision,1/50
KENO013,Thoughts of Sea and Sky (1/25),Thoughts of Sea and Sky,1/25
KENO014,Loons Feeding (1/50),Loons Feeding,1/50
KEOU001,Antarctica (414/950),Antarctica,414/950
LITT003,Plains Cree Chiefs (H/C),Plains Cree Chiefs,H/C
LUKA002,Fred With Funny Clown (1/40),Fred With Funny Clown,1/40
LUKA003,Laxmi (2/20),Laxmi,2/20
MAMN001,Many Heads (P/P 4/5),Many Heads,P/P 4/5
MARS-TC002.2,Untitled (Rooster) [A/P],Untitled (Rooster),A/P
MARS-TC002.4,Untitled (Phoenix) [A/P],Untitled (Phoenix),A/P
MARS-TC003,Rose Bowl [1/1],Rose Bowl,1/1
MARS004,Gingembre X3 (1/75),Gingembre X3,1/75
MARS005,2 Pink Pigeons (1/80),2 Pink Pigeons,1/80
MARS013,Wild Roses and Rambutans (1/65),Wild Roses and Rambutans,1/65
MARS014,Dreaming Lascaux Woman (1/35),Dreaming Lascaux Woman,1/35
MCEW002,"Ni plus, Ni moins (1/50)","Ni plus, Ni moins",1/50
MCEW004.1,Le Printemps (26/75),Le Printemps,26/75
MCEW004.2,Le Eté (26/75),Le Eté,26/75
MCEW004.3,L' Automme (26/75),L' Automme,26/75
MCEW004.4,L'Hiver (26/75),L'Hiver,26/75
MCIN002,Diamonds (A/P),Diamonds,A/P
MOLI008,Structure (4/12),Structure,4/12
MOLI009,Structure (1/7),Structure,1/7
MOLI010,Structure (1/12),Structure,1/12
MOLI011,Untitled (A/P),Untitled,A/P
MOLI012,Untitled (2/20),Untitled,2/20
MOLI013,Untitled (3/21),Untitled,3/21
MOLI014,Untitled (9/30),Untitled,9/30
MOLI015,Untitled (8/30),Untitled,8/30
MOLI016,Moin Blanc (1/20),Moin Blanc,1/20
MOLI018,Untitled (1/30),Untitled,1/30
MOLI023,Untitled (2/20),Untitled,2/20
MOLI024,Untitled (2/20),Untitled,2/20
MOLI025,Untitled (3/30),Untitled,3/30
MOLI026,Untitled (2/20),Untitled,2/20
MOLI005,Blue Quantifier (H/C 25),Blue Quantifier,H/C 25
MOLI006,Nul Mot (40/200),Nul Mot,40/200
MOLI007,Untitled [Molinari Mask] *Face Mask of Guido Molinari,Untitled [Molinari Mask],
MURD-TC004.16,Archipelago - Copper Plate [1/2],Archipelago - Copper Plate,1/2
MURD-TC004.17,Archipelago - Copper Plate [2/2],Archipelago - Copper Plate,2/2
MURD003,Shoreline Ghosts (1/50),Shoreline Ghosts,1/50
MURD006,Syncopations 1 (1/30),Syncopations 1,1/30
MURD007,Syncopations 2 [1/30],Syncopations 2,1/30
MURD008,Archipelago (1/60),Archipelago,1/60
MURD009,Evening Passage (21/30),Evening Passage,21/30
MURD011,Nanoose (1/60),Nanoose,1/60
OHAR001.1,Garden Song Tryptych (1/3),Garden Song Tryptych,1/3
OHAR001.2,Garden Song Tryptych (2/3),Garden Song Tryptych,2/3
OHAR001.3,Garden Song Tryptych (3/3),Garden Song Tryptych,3/3
ONLE-TC001,"Water Hook, Salt Spring, Is. Nay [1/1]","Water Hook, Salt Spring, Is. Nay",1/1
ONLE003,Window Sill (1/65),Window Sill,1/65
ONLE004,Martin Frobisher's Foolsgold (1/75),Martin Frobisher's Foolsgold,1/75
ONLE005,ARCH (A/P),ARCH,A/P
ONLE006,Landscape (10/50),Landscape,10/50
ONLE007,"Hoodoos, Yukon (1/50)","Hoodoos, Yukon",1/50
OSBO-TC001,Light Source [7/13],Light Source,7/13
PAPI001,All Kinds of Birds (29/50),All Kinds of Birds,29/50
PENH001,Jericho Evening (1/125),Jericho Evening,1/125
PENH004,Summer Walk 1/125,Summer Walk,1/125
PENH005,The Stage (1/75),The Stage,1/75
PENH006,Reflected Corner [1/145],Reflected Corner,1/145
PENH008,Morning Walk (2/30),Morning Walk,2/30
PENH010,Reflected Corner (AP 1/14),Reflected Corner,AP 1/14
PENH012,Landscape in Varied Colours (1/25),Landscape in Varied Colours,1/25
PENH012.1,Reflected Corner - Etching Plate [1/3],Reflected Corner - Etching Plate,1/3
PENH012.2,Reflected Corner - Etching Plate [2/3],Reflected Corner - Etching Plate,2/3
PENH012.3,Reflected Corner - Etching Plate [3/3],Reflected Corner - Etching Plate,3/3
POIT002,Buffalo Rebirth (1/99),Buffalo Rebirth,1/99
PRAT.C001,Christmas Eve at 12 O'Clock (15/100),Christmas Eve at 12 O'Clock,15/100
PRAT.M001,Cut Watermelon (38/75),Cut Watermelon,38/75
PUDL001,Caribou on the Horizon 11/50,Caribou on the Horizon,11/50
QUMA001,Giant Bird with Small Man (7/30),Giant Bird with Small Man,7/30
QUMA002,Woman with Bird (3/30),Woman with Bird,3/30
QUMA003,Fish Eater (14/30),Fish Eater,14/30
QUMA004,Fish Hunter (19/30),Fish Hunter,19/30
REID.L-TC001,Ruthin [10/33],Ruthin,10/33
REID003,Xhuwaji/Haida Grizzly Bear (188/300),Xhuwaji/Haida Grizzly Bear,188/300
REID004,Tsing/Haida Beaver (110/195),Tsing/Haida Beaver,110/195
REID006,Orca A Deux (AP),Orca A Deux,AP
REID008,Xhuwaji/Haida Grizzly (101/300),Xhuwaji/Haida Grizzly,101/300
REID009,[Sngoqann] Haida Sockeye Salmon (3/20),[Sngoqann] Haida Sockeye Salmon,3/20
SCHM-TC001,Honey Moon in Biartz [1/3],Honey Moon in Biartz,1/3
SHAD003,Garden Flux (1/99),Garden Flux,1/99
SHAD005,December Birds (48/100),December Birds,48/100
SHAD006,End of Season (19/150),End of Season,19/150
SHAD007,Captive White (88/150),Captive White,88/150
SHAD008.1,Jardin Noir Suite AP-XII [1/4],Jardin Noir Suite AP-XII,1/4
SHAD008.2,Jardin Noir Suite AP-XII [2/4],Jardin Noir Suite AP-XII,2/4
SHAD008.3,Jardin Noir Suite AP-XII [3/4],Jardin Noir Suite AP-XII,3/4
SHAD008.4,Jardin Noir Suite AP-XII [4/4],Jardin Noir Suite AP-XII,4/4
SHAD009,Night Transformation (1/100),Night Transformation,1/100
SHAD010,Shore Image (1/100),Shore Image,1/100
SHAD018.2,Night Garden Transformations (3/6),Night Garden Transformations,3/6
SHAD025,Captive White (104/150),Captive White,104/150
SHAD030,Jardin F'Ore (15/50),Jardin F'Ore,15/50
SHAD031,Enchanted Garden (24/30),Enchanted Garden,24/30
SHAD033.1,Birds in the Thicket II (8/85),Birds in the Thicket II,8/85
SHAD033.5 REF Only,Birds in the Thicket II (13/85),Birds in the Thicket II,13/85
SHAD034.1,Birds in the Thicket III (8/85),Birds in the Thicket III,8/85
SHAD035.1,Birds of the Thicket IV (8/85),Birds of the Thicket IV,8/85
SHAD037.1,Toward a White Garden (24/85),Toward a White Garden,24/85
SHAD038,End of Season (36/150),End of Season,36/150
SHAD039,Invictus (96/150),Invictus,96/150
SHAW002.1,80. Operation: Fuck Up [184/185],80. Operation: Fuck Up,184/185
SHAW002.2,6.1 Basic Rocket Bomb [184/185],6.1 Basic Rocket Bomb,184/185
SHAW002.4,Five Easy Bombs [184/185],Five Easy Bombs,184/185
SHIV002.1,Taiya River Suite I (17/25),Taiya River Suite I,17/25
SHIV002.2,Taiya River Suite II (17/25),Taiya River Suite II,(see artwork no. II)
SHIV002.3,Taiya River Suite III (17/25),Taiya River Suite III,17/25
SHIV002.4,Taiya River Suite IV (17/25),Taiya River Suite IV,17/25
SHIV002.5,Taiya River Suite V (17/25),Taiya River Suite V,(this is artwork no. v)
SHIV002.6,Taiya River Suite VI (17/25),Taiya River Suite VI,(work no. vi)
SHIV002.7,Taiya River Suite VII 17/25,Taiya River Suite VII,(this is artwork no. vii)
SHIV002.8,Taiya River Suite VIII (17/25),Taiya River Suite VIII,17/25
SHIV002.9,Taiya River Suite IX (17/25),Taiya River Suite IX,17/25
SHIV002.10,Taiya River Suite X (17/25),Taiya River Suite X,17/25
SHIV003,Taiya River XII (5/60),Taiya River XII,5/60
SHIV004,Manning Park (7/20),Manning Park,7/20
SHIV005,Reef Point (1/40),Reef Point,1/40
SHIV006,Landscape Blink (1/90),Landscape Blink,1/90
SHIV008,Spire Dance (1/50),Spire Dance,1/50
SHIV010,Lonsdale Mountain View (1/25),Lonsdale Mountain View,1/25
SHIV011.1,Spectre of the Brocken [AP I/XV],Spectre of the Brocken,AP I/XV
SHIV011.2,"The Sphinx, Mountain, Mountain Journal Suite (AP I/XV)","The Sphinx, Mountain, Mountain Journal Suite",AP I/XV
SHIV011.3,"Northern Lights, Mountain Journal Suite [AP I/XV]","Northern Lights, Mountain Journal Suite",AP I/XV
SHIV011.4,"Mount Meagre, Mountain Journal Suite (AP I/XV)","Mount Meagre, Mountain Journal Suite",AP I/XV
SHIV011.5,"Taiya River, Mountain Journal Suite [AP I/XV]","Taiya River, Mountain Journal Suite",AP I/XV
SHIV011.6,"St. Elias Mountains, Mountain Journal Suite (AP I/XV)","St. Elias Mountains, Mountain Journal Suite",AP I/XV
SHIV011.7,"Mount Orpheus, Mountain Journal Suite (AP I/XV)","Mount Orpheus, Mountain Journal Suite",AP I/XV
SHIV011.8,"Lake Louise, Mountain Journal Suite [AP I/XV]","Lake Louise, Mountain Journal Suite",AP I/XV
SHIV011.9,"Carmanah Creek, Mountain Journal Suite (AP I/XV)","Carmanah Creek, Mountain Journal Suite",AP I/XV
SHIV011.10,"Elton Lake, Mountain Journal Suite (AP I/XV)","Elton Lake, Mountain Journal Suite",AP I/XV
SHIV011.11,"Seven Sister Range, Mountain Journal Suite (AP I/XV)","Seven Sister Range, Mountain Journal Suite",AP I/XV
SHIV011.12,"Electra Peak, Mountain Journal Suite (AP I/XV)","Electra Peak, Mountain Journal Suite",AP I/XV
SHIV012,Luminous Fjord (1/40),Luminous Fjord,1/40
SMIT002,Shannon Falls II (47/75),Shannon Falls II,47/75
SMIT003,Sea Edge after Goya (AP-A),Sea Edge after Goya,AP-A
SMIT004,Friend's Flowers (AP),Friend's Flowers,AP
SMIT005,Sea Edge After Goya (AP-B),Sea Edge After Goya,AP-B
SMIT006,Sea Edge After Goya (65/75),Sea Edge After Goya,65/75
SMIT007,Forest Section (1/75),Forest Section,1/75
SMIT010,"Middle Beach, Pacific Rim (6/25)","Middle Beach, Pacific Rim",6/25
SMIT012,Pine Forest [1/95],Pine Forest,1/95
SMIT016,February Thaw (34/35),February Thaw,34/35
SMIT017,Winter Garden II (26/50),Winter Garden II,26/50
SMIT020,Sea Drift (40/40),Sea Drift,40/40
SMIT023,LG III (1/50),LG III,1/50
SMIT026,Byway Trees (1/200),Byway Trees,1/200
SMIT028,Pender Harbour (AP),Pender Harbour,AP
SMIT029,"Long Beach, For Kitty Christmas (A/P)","Long Beach, For Kitty Christmas",A/P
SMIT030 Replacement,Haida Gwaii II (A/P),Haida Gwaii II,A/P
SMIT031,Gulf Islands (5/40),Gulf Islands,5/40
SMIT032,October Sea (A/P),October Sea,A/P
SMIT033,West Coast (A/P),West Coast,A/P
SMIT035,Pender Harbour [1/100],Pender Harbour,1/100
SMIT036,Lighthouse Park [1/40],Lighthouse Park,1/40
SMIT041,Tofino Beach (12/50),Tofino Beach,12/50
SMIT044,North Shore Winter II (14/46),North Shore Winter II,14/46
SMIT051,Untitled (20/20),Untitled,20/20
SMIT061,Cow Parsley [50/50],Cow Parsley,50/50
SNOW001,Speed of Light (2/2),Speed of Light,2/2
SNOW002,Smoke and Mirrors [1/50],Smoke and Mirrors,1/50
TANA002,Nootka Afternoon (11/50),Nootka Afternoon,11/50
UNKN004.1,Untitled (Drum) [1/2],Untitled (Drum),1/2
UNKN004.2,Untitled (Drum) [2/2],Untitled (Drum),2/2
VANS002,Ship of Wisdom (1/145),Ship of Wisdom,1/145
VANS003,A Selection of Neighbourly Birds (69/100),A Selection of Neighbourly Birds,"69/100 book casing 10""x 8"""
VICK.R002,Twin Sisters (4/100),Twin Sisters,4/100
PENH013,Carisbrooke Park (5/50),Carisbrooke Park,5/50
JORD001,"Portal, Lower Londsdale (5/50)","Portal, Lower Londsdale",5/50
SHIV013,Horseshoe Bay (5/50),Horseshoe Bay,5/50
JUDG001,Bessie Lawson's Picnic (5/50),Bessie Lawson's Picnic,5/50
EAST022,Moodyville (5/50),Moodyville,5/50
MORR001,Grand Boulevard (5/50),Grand Boulevard,5/50
CHIB002,Mosquito Creek (5/50),Mosquito Creek,5/50
VISI-AA010,Mosquito Creek (29/50),Mosquito Creek,29/50
GEOR001,Cates Park/Whey Ah Wichen (5/50),Cates Park/Whey Ah Wichen,5/50
PIRO002,Maplewood Farm (5/50),Maplewood Farm,5/50
CHIB004,Mosquito (27/50),Mosquito,27/50
WALL.I002,Drums and Paint (2/35),Drums and Paint,"2/35 (Edition 1/35, Damaged)"
WHIT003,Oceania (H/C III),Oceania,H/C III
WHIT012.1,Oceana [5/20],Oceana,5/20
WHIT012.2,Oceana [5/20],Oceana,5/20
WHIT012.3,Oceana [5/20],Oceana,5/20
WHIT012.4,Oceana [5/20],Oceana,5/20
WHIT012.5,Oceana [5/20],Oceana,5/20
WHIT012.6,Oceana [5/20],Oceana,5/20
WHIT012.7,Oceana [5/20],Oceana,5/20
WHIT012.8,Oceana [5/20],Oceana,5/20
WHIT012.9,Oceana [5/20],Oceana,5/20
XWAL002,Inchult Snaam (1/45),Inchult Snaam,1/45
YOUN006,Ain't Freedom Grand (32/75),Ain't Freedom Grand,32/75
YOUN007,Et in Arcadia Ego (A/P),Et in Arcadia Ego,A/P
YOUN008,Down At First Street Bridge (18/75),Down At First Street Bridge,18/75
YOUN010,Midnight Sun (17/24),Midnight Sun,17/24
YOUN011,The Juggler's Rehearsal (A/P),The Juggler's Rehearsal,A/P
YOUN012,Trip Me (10/28),Trip Me,10/28
YOUN013,The Princeleeps Badly (A/P),The Princeleeps Badly,A/P
YOUN014,Dream of Dionysus (47/71),Dream of Dionysus,47/71
YOUN016,Oleo (5/28),Oleo,5/28
YOUN017,The Trilling Wire (18/28),The Trilling Wire,18/28
YOUN018,Adjusting The Tappets (3/50),Adjusting The Tappets,3/50
YOUN019,Lingauapatemus (3/11),Lingauapatemus,3/11
YOUN020,Evers (H/C),Evers,H/C
YOUN022,A Jug for Columbine (17/60),A Jug for Columbine,17/60
YOUN035,The Juggler's Map (20/20),The Juggler's Map,20/20
YOUN-TC035.1,Etching Plate [1/2],Etching Plate,1/2
YOUN-TC035.2,Etching Plate [2/2],Etching Plate,2/2
YOUN004,Sampler (1/8),Sampler,1/8
YOUN005,Bebop (1/40),Bebop,1/40
ZACK-TC001.1,Untitled [1/3],Untitled,1/3
ZACK-TC001.2,Untitled [2/3],Untitled,2/3
ZACK-TC001.3,Untitled [3/3],Untitled,3/3
ZACK003,Daytime Motion Picture (1/35),Daytime Motion Picture,1/35
XION002,School Backpacks (1/60),School Backpacks,1/60
SMIT062,Untitled (30/40),Untitled,30/40
ZALA001,Light & Variation 6 (1/5),Light & Variation 6,1/5
DOUG001,View of Clearcuts from Blowhole Bay (25/30),View of Clearcuts from Blowhole Bay,25/30
PURL001,Caribou on the Horizon (11/50),Caribou on the Horizon,11/50
ONLE012,Window Sill (6/65),Window Sill,6/65
DIAL001,Prairie Girl (1/25),Prairie Girl,1/25
JOHA002,I am easy to find (1/25),I am easy to find,1/25
KHAN002,Self Portrait (1/25),Self Portrait,1/25
ROYB001,Good Luck (wheelbarrow) [1/7],Good Luck (wheelbarrow),1/7
DICK002,Si-si-uth and Tli-sli-gi-la (112/300),Si-si-uth and Tli-sli-gi-la,112/300
SHIV-TC003.1,,Untitled,
SHIV-TC003.2,,Untitled,
SHIV-TC003.3,,Untitled,
SHIV-TC003.4,,Untitled,
SHIV-TC003.5,,Untitled,
SHIV-TC003.7,,Untitled,
SHIV-TC003.10,,Untitled,
BELL-AA087.2,Oryx Etching Plate [2/2],Oryx Etching Plate,2/2
DAVI007,Moon (272/274),Moon,272/274
T&T007,"The Woodcutter, 1/3",The Woodcutter,1/3
RIOP001,Untitled (28/75),Untitled,28/75
SMIT013,February Snow [1/45],February Snow,1/45
SCHM006,In and Around 2/8,In and Around,2/8
EVRA008,Still Life with Figs 1/1,Still Life with Figs,1/1
FALK002,North Shore Roses (1/150),North Shore Roses,1/150
DAVI002,Meeting at the Centre 4/5,Meeting at the Centre,4/5
SHAW001.1 to SHAW001.16,Arena Mounted Movie Stills [A/P],Arena Mounted Movie Stills,A/P
VICK.C002,Fish in Astral Projection under Moons [1/50],Fish in Astral Projection under Moons,1/50
BELL-AA008,Boats and Reflections 4/12,Boats and Reflections,4/12
